Issue Type,Summary,Description,Estimate,Assignee
Task,"[SETUP-01] Infra: Inicializar proyecto Next.js y UI","Crear repo. Configurar Next.js (App Router), TailwindCSS y Shadcn UI. Crear layout maestro y sistema de rutas protegido/público. Checklist: Repositorio en GitHub, Linting y Prettier, Shadcn configurado","4","Frontend Developer"
Task,"[SETUP-02] Infra: Levantar contenedores Docker","Crear docker-compose.yml para levantar PostgreSQL (BD) y Redis (para colas BullMQ). Checklist: Puertos mapeados (5432, 6379), Volumenes persistentes","3","DevOps / Backend"
Task,"[SETUP-03] BD: Modelado Prisma Schema y Migraciones","Traducir el Diccionario de Datos (16 tablas) a schema.prisma. Ejecutar la primera migración npx prisma migrate dev. Checklist: Llaves foráneas exactas, Seed inicial de roles/Admin","6","Backend Developer"
Task,"[SETUP-04] Sec: Configurar Autenticación (NextAuth)","Integrar NextAuth.js (Auth.js) para Login por Credenciales. Crear middleware de protección de rutas basado en roles (Admin, Medico, Paciente). Checklist: Sesión JWT segura, Middleware funcionando","6","Fullstack Developer"
Task,"[HU-01] Frontend: Desarrollar interfaz de triaje","Crear componente Next.js con React Hook Form. Consumirá el estado del paciente y recogerá: síntomas, modalidad y preferencia horaria. Checklist: Validar síntomas > 20 chars, Diseño responsivo","4","Frontend Developer"
Task,"[HU-01] Backend: Endpoint POST Triaje y NLP","Route Handler /api/triaje/solicitud. Recibir body, conectar a API de IA, extraer score_urgencia y guardar en BD. Checklist: Guardar en SOLICITUD_TRIAJE, Manejo de Timeout IA","6","Backend Developer"
Task,"[HU-02] Infra: Implementar Cron Job con BullMQ","Levantar cola en BullMQ/Redis. Configurar worker a las 00:00 que extraiga solicitudes Pendientes y las ordene por Score. Checklist: Redis en Docker/Upstash, Cola no bloqueante","5","Backend Developer"
Task,"[HU-02] Backend: Algoritmo Smart Slotting","Iterar solicitudes ordenadas. Buscar BLOQUE_HORARIO libre compatible (edad/especialidad). Aplicar Bloqueo Optimista y generar CITA. Checklist: Transacción ACID, Evitar colisiones","8","Backend Developer"
Task,"[HU-03] Backend: Cron Job de Recordatorios 48h","Script que consulte citas con 48h de proximidad. Generar token único JWT en enlace. Enviar notificación al paciente. Checklist: Query eficiente, Uso de Resend/SendGrid","5","Backend Developer"
Task,"[HU-03] Frontend: Vista de Confirmación Express","Landing page ligera que reciba el token JWT en URL y botones grandes: Sí asistiré / Cancelar. Checklist: Validación de token expirado, Endpoint de resolución","3","Frontend Developer"
Task,"[HU-04] Backend: Endpoint de Cancelación","POST /api/citas/cancelar con justificación. Actualizar bloque a Libre. Disparar evento de liberación. Checklist: Validar dueño cita, Disparador de eventos","4","Backend Developer"
Task,"[HU-04] Backend: Trigger reactivo (Cacería Cupos)","Escuchar evento liberación. Query a LISTA_ESPERA por prioridad. Enviar Push/Email masivo a los 5 primeros compatibles. Checklist: Envíos asíncronos, Lógica First-Come","6","Backend Developer"
Task,"[HU-05] Frontend: Maquetar Dashboard del Médico","Interfaz React (SSR). Shadcn UI Calendar para agenda. Tarjetas con Score de Urgencia y acceso a Historia Médica. Checklist: Vista diaria/semanal, Conexión API","5","Frontend Developer"
Task,"[HU-05] Backend: Generación de recetas médicas PDF","Usar pdfkit o puppeteer. Recibir JSON de receta, compilar HTML, generar buffer PDF y retornar para descarga. Checklist: Membrete de clínica, Peso optimizado","6","Backend Developer"
Task,"[HU-06] Fullstack: Integrar subida Vouchers (AWS S3)","Flujo presigned-url a S3. Guardar URL en PAGO_VOUCHER. Endpoint de Cajero que cambie estado a Aprobado. Checklist: Restringir tamaño img, Interfaz Cajero aprobación","7","Fullstack Developer"
Task,"[HU-07] Frontend: Vista SSR Directorio (SEO)","Página Next.js Server-Side Rendered. Lista de médicos con perfiles, especialidad. Input de búsqueda en tiempo real. Checklist: Meta tags SEO, Búsqueda reactiva","5","Frontend Developer"
Task,"[HU-08] Frontend: CRUD de Catálogos Maestros","Tablas de datos en Admin Panel para Sedes, Aseguradoras y Especialidades. Formularios de creación/edición. Checklist: Validaciones Zod, Data tables con paginación","6","Frontend Developer"
Task,"[HU-08] Backend: Generador masivo de Bloques Horarios","Script que permita a un Admin seleccionar un Médico, días y rango (ej 08:00 a 14:00) y genere automáticamente los records BLOQUE_HORARIO. Checklist: Bulk inserts Prisma, Validar solapamientos","5","Backend Developer"
Task,"[HU-09] Frontend: Pantalla de Recepción (POS)","Interfaz rápida tipo POS. Búsqueda por DNI o código. Botón de un click para Check-in físico. Checklist: Sin recargas de página, Alertas de éxito sonoras","4","Frontend Developer"
Task,"[HU-09] Backend: Generación de Ticket Asistencia","Endpoint POST /api/asistencia. Crear TICKET_ASISTENCIA, generar código alfanumérico corto y disparar socket. Checklist: Código corto único, Relación con Cita","4","Backend Developer"
Task,"[HU-10] Backend: Middleware Anti-Abuso (Bloqueos)","En controlador Reprogramar Cita: count() en HISTORIAL_REPROGRAMACION. Si >= 3, actualizar USUARIO a Bloqueado y retornar Error 403. Checklist: Bloqueo de cuenta, Historial auditado","4","Backend Developer"
